{"type":{"name":"AUTO","caption":"Пользовательский"},"code":"Результат_выполнения_заданий_возчиками_(новый)_с договором_РРО","name":"Результат выполнения заданий возчиками (новый) РРО","description":"Показывает результат выполнения только тех заданий, которые были выполнены: ТС доехало до КП и либо вывоз состоялся либо указана причина невывоза. Отвечает на вопрос: какой объем водитель отметил, как вывезенный. Колонки: ИНФА ПО ЗАДАНИЮ: дата вывоза, ID заявки, ID задания (ti), ID результата выполнения задания (tier), ID результатов выполнения задания (tier и tievr), ID маршрута, номер рейса, кол-во емкостей в задании, сколько шт вывезено, какой объем в задании и вывезен (степень наполнения емкости не учитывается), есть ли фото \"до\" и \"после\", есть оба типа фото, есть фото невывоза, время первого фото \"до\" и последнего фото \"после\" (последняя отметка), есть ли телематика, проверен ли маршрут, место разгрузки маршрута; ПО ПЛОЩАДКЕ: ID, адрес, район, населенный пункт, категория, вид (стационарная или временная), разрешенный интервал вывоза, участок, изменение площадки; ПО ЕМКОСТИ: тип и действие с емкостью; ПО ВОЗЧИКУ: наименование, водитель, номер, тип и группа ТС, ПО ЗАКАЗЧИКУ: наименовании, ИНН, ID, название и номер договора, хеш-теги [v.420]","properties":"[]","grouped":false,"parameters":[{"name":"Типы емкостей","code":"CTS","type":"CONTAINER_TYPE","required":false,"multiSelect":true,"sql":"ct.container_type_id in (:CTS)","sort":4.0},{"name":"Виды отходов","code":"GTS","type":"GARBAGE_TYPE","required":false,"multiSelect":true,"sql":"gt.dictionary_item_id in (:GTS)","sort":3.0},{"name":"Возчики","code":"CRS","type":"CUSTOMER","required":false,"multiSelect":true,"sql":"cr.client_id in (:CRS)","sort":2.0},{"name":"Период (!не более 31 дня!)","code":"RDI","type":"DATE_INTERVAL","required":true,"maxValue":"{\"period\":\"31\"}","sort":1.0}],"columns":[{"name":"ИНН","code":"INN","properties":"[]","type":{"name":"STRING","caption":"Строка"},"grouped":false},{"name":"Номер рейса","code":"run_number","properties":"[]","type":{"name":"INTEGER","caption":"Целое"},"grouped":false},{"name":"ID маршрута","code":"route_id","properties":"[]","type":{"name":"INTEGER","caption":"Целое"},"grouped":false},{"name":"Категория площадки","code":"rpk","properties":"[]","type":{"name":"STRING","caption":"Строка"},"grouped":false},{"name":"ID площадки","code":"stand_id","properties":"[]","type":{"name":"STRING","caption":"Строка"},"grouped":false},{"name":"Дата вывоза","code":"t_date","properties":"[]","type":{"name":"STRING","caption":"Строка"},"grouped":false},{"name":"Возчик","code":"cr_name","properties":"[]","type":{"name":"STRING","caption":"Строка"},"grouped":false},{"name":"Тип емкости","code":"ct_name","properties":"[]","type":{"name":"STRING","caption":"Строка"},"grouped":false},{"name":"Вид отходов","code":"gt_name","properties":"[]","type":{"name":"STRING","caption":"Строка"},"grouped":false},{"name":"Заказчик вывоза","code":"ch_name","properties":"[]","type":{"name":"STRING","caption":"Строка"},"grouped":false},{"name":"Район","code":"district","properties":"[]","type":{"name":"STRING","caption":"Строка"},"grouped":false},{"name":"Гос.номер ТС","code":"reg_number","properties":"[]","type":{"name":"STRING","caption":"Строка"},"grouped":false},{"name":"Населенный пункт","code":"city_name","properties":"[]","type":{"name":"STRING","caption":"Строка"},"grouped":false},{"name":"Есть фото \"после\"","code":"a","properties":"[]","type":{"name":"STRING","caption":"Строка"},"grouped":false},{"name":"Есть фото \"до\"","code":"b","properties":"[]","type":{"name":"STRING","caption":"Строка"},"grouped":false},{"name":"Есть подтверждение телематикой","code":"tc","properties":"[]","type":{"name":"STRING","caption":"Строка"},"grouped":false},{"name":"Время последней отметки","code":"lst","properties":"[]","type":{"name":"STRING","caption":"Строка"},"grouped":false},{"name":"Разрешенный интервал вывоза","code":"sh_int","properties":"[]","type":{"name":"STRING","caption":"Строка"},"grouped":false},{"name":"Название договора","code":"cname","properties":"[]","type":{"name":"STRING","caption":"Строка"},"grouped":false},{"name":"Время первого фото \"до\"","code":"fpt","properties":"[]","type":{"name":"STRING","caption":"Строка"},"grouped":false},{"name":"Вид площадки","code":"stand_kind","properties":"[]","type":{"name":"STRING","caption":"Строка"},"grouped":false},{"name":"Маршрут проверен","code":"route_stated","properties":"[]","type":{"name":"STRING","caption":"Строка"},"grouped":false},{"name":"Есть фото \"до\" и \"после\"","code":"ab","properties":"[]","type":{"name":"STRING","caption":"Строка"},"grouped":false},{"name":"Действие с емкостью","code":"c_action","properties":"[]","type":{"name":"STRING","caption":"Строка"},"grouped":false},{"name":"Вывезенный объем, м3 (факт)","code":"f_volume","properties":"[]","type":{"name":"FLOAT","caption":"С плавающей точкой"},"grouped":false},{"name":"Емкостей вывезено (факт)","code":"f_count","properties":"[]","type":{"name":"INTEGER","caption":"Целое"},"grouped":false},{"name":"Емкостей в задании","code":"p_count","properties":"[]","type":{"name":"INTEGER","caption":"Целое"},"grouped":false},{"name":"tievr_id","code":"tievr_id","properties":"[]","type":{"name":"STRING","caption":"Строка"},"grouped":false},{"name":"Место разгрузки","code":"recycling","properties":"[]","type":{"name":"STRING","caption":"Строка"},"grouped":false},{"name":"Водитель","code":"driver","properties":"[]","type":{"name":"STRING","caption":"Строка"},"grouped":false},{"name":"ID заявки","code":"rq_id","properties":"[]","type":{"name":"STRING","caption":"Строка"},"grouped":false},{"name":"Объем в задании, м3","code":"p_volume","properties":"[]","type":{"name":"FLOAT","caption":"С плавающей точкой"},"grouped":false},{"name":"ID договора","code":"contract_id","properties":"[]","type":{"name":"STRING","caption":"Строка"},"grouped":false},{"name":"ti_id","code":"ti_id","properties":"[]","type":{"name":"STRING","caption":"Строка"},"grouped":false},{"name":"tier_id","code":"er_id","properties":"[]","type":{"name":"STRING","caption":"Строка"},"grouped":false},{"name":"Хеш-тег","code":"hash","properties":"[]","type":{"name":"STRING","caption":"Строка"},"grouped":false},{"name":"Группа ТС","code":"xvgname","properties":"[]","type":{"name":"STRING","caption":"Строка"},"grouped":false},{"name":"Есть фото невывоза","code":"fif","properties":"[]","type":{"name":"STRING","caption":"Строка"},"grouped":false},{"name":"Участок","code":"sector","properties":"[]","type":{"name":"STRING","caption":"Строка"},"grouped":false},{"name":"Тип ТС","code":"vtname","properties":"[]","type":{"name":"STRING","caption":"Строка"},"grouped":false},{"name":"Изменение площадки","code":"shtype","properties":"[]","type":{"name":"STRING","caption":"Строка"},"grouped":false},{"name":"Номер договора","code":"cnumber","properties":"[]","type":{"name":"STRING","caption":"Строка"},"grouped":false},{"name":"Масса отходов, кг","code":"tonnage","properties":"[]","type":{"name":"INTEGER","caption":"Целое"},"grouped":false},{"name":"Адрес площадки","code":"address","properties":"[{\"name\":\"width\",\"value\":\"100pt\"}]","type":{"name":"STRING","caption":"Строка"},"grouped":false}]}